mean_fit_time,std_fit_time,mean_score_time,std_score_time,param_clf__C,params,split0_test_score,split1_test_score,split2_test_score,mean_test_score,std_test_score,rank_test_score
2.2707180976867676,0.23455089005087293,0.029372374216715496,0.0114976097177675,0.01,{'clf__C': 0.01},0.7233741752346448,0.7195694925461553,0.7226906819333634,0.7218781165713878,0.0016561198508631882,4
2.7385007540384927,0.3988321407760456,0.02828828493754069,0.011356995518232806,0.1,{'clf__C': 0.1},0.7313950934602026,0.7272824193868184,0.7313513886579592,0.7300096338349934,0.0019285143698688134,3
2.405738353729248,0.16770835748667431,0.017743031183878582,0.006118009001219696,1.0,{'clf__C': 1.0},0.7321658010832455,0.7280602429003097,0.7321948035917005,0.7308069491917518,0.0019422507347508515,2
1.6069947083791096,0.11073773355799175,0.010519663492838541,0.0031615570414410448,10.0,{'clf__C': 10.0},0.7322457181408806,0.7281357735393559,0.732273675136656,0.7308850556056309,0.0019440694960758498,1
