mean_fit_time,std_fit_time,mean_score_time,std_score_time,param_clf__C,params,split0_test_score,split1_test_score,split2_test_score,mean_test_score,std_test_score,rank_test_score
2.324662367502848,0.26458181127105457,0.032604376475016274,0.007831839627658058,0.01,{'clf__C': 0.01},0.7233741752346448,0.7195694925461553,0.7226906819333634,0.7218781165713878,0.0016561198508631882,4
2.795321226119995,0.39406761723581957,0.02487071355183919,0.006667670330422215,0.1,{'clf__C': 0.1},0.7313950934602026,0.7272824193868184,0.7313513886579592,0.7300096338349934,0.0019285143698688134,3
2.4566022555033364,0.18261398668106055,0.020173072814941406,0.011637743552658746,1.0,{'clf__C': 1.0},0.7321658010832455,0.7280602429003097,0.7321948035917005,0.7308069491917518,0.0019422507347508515,2
1.5803447564442952,0.12418239440700742,0.008254289627075195,0.0009439877871302193,10.0,{'clf__C': 10.0},0.7322457181408806,0.7281357735393559,0.732273675136656,0.7308850556056309,0.0019440694960758498,1
