mean_fit_time,std_fit_time,mean_score_time,std_score_time,param_clf__C,params,split0_test_score,split1_test_score,split2_test_score,mean_test_score,std_test_score,rank_test_score
9.031387408574423,0.559038075490857,0.04864168167114258,0.006604189109570405,0.01,{'clf__C': 0.01},0.7233730748878477,0.7195659310502988,0.7226813295068057,0.7218734451483174,0.0016559174501293605,4
9.181958436965942,2.6559402481460315,0.04721816380818685,0.0028121967833699534,0.1,{'clf__C': 0.1},0.7313935113321227,0.7272822962340917,0.7313425814478541,0.7300061296713561,0.0019261533183607127,3
6.88932736714681,1.5620397463339333,0.04428251584370931,0.015815020765896606,1.0,{'clf__C': 1.0},0.7321559519410237,0.7280577096780355,0.732177928143284,0.7307971965874477,0.001937130546882352,2
5.96408216158549,0.12278354942401792,0.034380594889322914,0.007995632873600474,10.0,{'clf__C': 10.0},0.7322419513750746,0.7281337033424319,0.7322678649589753,0.730881173225494,0.0019427833894025128,1
