mean_fit_time,std_fit_time,mean_score_time,std_score_time,param_alpha,param_learning_rate,params,split0_test_score,split1_test_score,split2_test_score,mean_test_score,std_test_score,rank_test_score
32.46955585479736,0.19275944764088895,0.05543088912963867,0.00035550462070248315,0.001,0.01,"{'alpha': 0.001, 'learning_rate': 0.01}",0.5950006113582819,0.5954215084957685,0.5972444056232538,0.5958888418257681,0.000973808162790651,2
32.28698388735453,0.08483925290968726,0.0368508497873942,0.010137464053469554,0.001,0.1,"{'alpha': 0.001, 'learning_rate': 0.1}",0.6208989069825382,0.6189448229010502,0.6219521972293144,0.6205986423709676,0.0012459786555948159,1
32.09047985076904,0.5066786792491274,0.03160961469014486,0.00417339603819314,0.01,0.01,"{'alpha': 0.01, 'learning_rate': 0.01}",0.5726282919011049,0.5734125107711895,0.5767237128023722,0.5742548384915556,0.0017748718415718854,4
16.04739761352539,0.7702665438224503,0.03979063034057617,0.00919146627276831,0.01,0.1,"{'alpha': 0.01, 'learning_rate': 0.1}",0.5739545981915487,0.5740019738595392,0.5786898405782084,0.5755488042097655,0.0022211323259980604,3
32.45814347267151,1.3188794094283505,0.025562206904093426,0.004497345611536386,0.1,0.01,"{'alpha': 0.1, 'learning_rate': 0.01}",0.47757216382812684,0.4862721244697251,0.47569513871860497,0.47984647567215233,0.004607785271888985,5
7.5670920213063555,1.8791753521739996,0.01994013786315918,0.004231625080332858,0.1,0.1,"{'alpha': 0.1, 'learning_rate': 0.1}",0.47757216382812684,0.4862721244697251,0.47569513871860497,0.47984647567215233,0.004607785271888985,5
