mean_fit_time,std_fit_time,mean_score_time,std_score_time,param_alpha,param_learning_rate,params,split0_test_score,split1_test_score,split2_test_score,mean_test_score,std_test_score,rank_test_score
15.500890413920084,0.03876479443864565,0.0372770627339681,0.0037946136323591816,0.001,0.01,"{'alpha': 0.001, 'learning_rate': 0.01}",0.595001605257113,0.5954196280329633,0.5972453279209625,0.595888853737013,0.0009742355701005292,2
15.521727641423544,0.05192420918491631,0.03587897618611654,0.010124357180447734,0.001,0.1,"{'alpha': 0.001, 'learning_rate': 0.1}",0.6208955584925726,0.6189426177262861,0.6219647222257848,0.6206009661482145,0.0012512306977501145,1
14.35058339436849,1.408363568396933,0.024361928304036457,0.003235764994077434,0.01,0.01,"{'alpha': 0.01, 'learning_rate': 0.01}",0.5726249298804206,0.5734110467462443,0.5767258590831312,0.5742539452365987,0.0017771256718256297,4
7.421533664067586,0.04867838802532621,0.02891373634338379,0.007986729561955414,0.01,0.1,"{'alpha': 0.01, 'learning_rate': 0.1}",0.5739543294065546,0.5740027524581076,0.5786976287073285,0.5755515701906635,0.0022246871451495685,3
12.288930575052897,0.016028466199126765,0.015253384908040365,0.004180594652143338,0.1,0.01,"{'alpha': 0.1, 'learning_rate': 0.01}",0.47757216382812684,0.4862721244697251,0.47569513871860497,0.47984647567215233,0.004607785271888985,5
3.8045053482055664,0.5937844274928556,0.022886355717976887,0.01774212630897855,0.1,0.1,"{'alpha': 0.1, 'learning_rate': 0.1}",0.47757216382812684,0.4862721244697251,0.47569513871860497,0.47984647567215233,0.004607785271888985,5
