mean_fit_time,std_fit_time,mean_score_time,std_score_time,param_alpha,param_learning_rate,params,split0_test_score,split1_test_score,split2_test_score,mean_test_score,std_test_score,rank_test_score
18.95903992652893,0.3438348452393537,0.06291476885477702,0.021214653035527185,0.001,0.01,"{'alpha': 0.001, 'learning_rate': 0.01}",0.595001605257113,0.5954196280329633,0.5972453279209625,0.595888853737013,0.0009742355701005292,2
19.224209785461426,0.1440069271505052,0.07852737108866374,0.06494436093737904,0.001,0.1,"{'alpha': 0.001, 'learning_rate': 0.1}",0.6208955584925726,0.6189426177262861,0.6219647222257848,0.6206009661482145,0.0012512306977501145,1
17.35233171780904,2.6081174816576187,0.03218245506286621,0.008411481295890233,0.01,0.01,"{'alpha': 0.01, 'learning_rate': 0.01}",0.5726249298804206,0.5734110467462443,0.5767258590831312,0.5742539452365987,0.0017771256718256297,4
8.38608455657959,0.08899470366917285,0.03226804733276367,0.0032375566870346205,0.01,0.1,"{'alpha': 0.01, 'learning_rate': 0.1}",0.5739543294065546,0.5740027524581076,0.5786976287073285,0.5755515701906635,0.0022246871451495685,3
13.18635598818461,0.07155702392506534,0.01615142822265625,0.003896338227447972,0.1,0.01,"{'alpha': 0.1, 'learning_rate': 0.01}",0.47757216382812684,0.4862721244697251,0.47569513871860497,0.47984647567215233,0.004607785271888985,5
4.02776312828064,0.9523814030165101,0.018252213795979817,0.014759965109227424,0.1,0.1,"{'alpha': 0.1, 'learning_rate': 0.1}",0.47757216382812684,0.4862721244697251,0.47569513871860497,0.47984647567215233,0.004607785271888985,5
