mean_fit_time,std_fit_time,mean_score_time,std_score_time,param_clf__C,params,split0_test_score,split1_test_score,split2_test_score,mean_test_score,std_test_score,rank_test_score
1.5499919255574544,0.04446750329346101,0.04064639409383138,0.001427326183793368,0.01,{'clf__C': 0.01},0.6762492851904788,0.6731506665983231,0.6712355050206932,0.6735451522698317,0.0020657867115626114,4
1.3358558019002278,0.36510855530873315,0.027923186620076496,0.004301293739573373,0.1,{'clf__C': 0.1},0.7281667964259892,0.7237407600250158,0.7235804909317278,0.725162682460911,0.0021252367839764293,3
1.1502166589101155,0.04480577763258956,0.044250170389811196,0.013694518311651072,1.0,{'clf__C': 1.0},0.7366501081693613,0.733283146908136,0.7342562806278196,0.7347298452351056,0.0014147566602549014,2
1.6247413158416748,0.23892805496280253,0.11880191167195638,0.07497048869509182,10.0,{'clf__C': 10.0},0.7371170080388274,0.7340312521830203,0.7351051384372312,0.7354177995530263,0.001279007435581608,1
