mean_fit_time,std_fit_time,mean_score_time,std_score_time,param_clf__C,params,split0_test_score,split1_test_score,split2_test_score,mean_test_score,std_test_score,rank_test_score
0.4461800257364909,0.012749510986477582,0.015161275863647461,0.0012416006541055115,0.01,{'clf__C': 0.01},0.6762164634946881,0.6730392148476187,0.6712433054624917,0.6734996612682661,0.0020562236232172927,4
0.49070556958516437,0.02860673534218246,0.018378734588623047,0.003978390383401581,0.1,{'clf__C': 0.1},0.7282061028430054,0.7241022532701109,0.7236223056908888,0.725310220601335,0.0020570509453935047,3
0.4434269269307454,0.06540439644578305,0.013519763946533203,0.004745212658336331,1.0,{'clf__C': 1.0},0.7366435088455123,0.7332673598153274,0.734224511500602,0.7347117933871473,0.0014207224209818884,2
0.3293650150299072,0.026384066958895606,0.006660302480061849,0.0002714116958207471,10.0,{'clf__C': 10.0},0.7371490126114106,0.7340561316878211,0.7351247181645768,0.7354432874879362,0.0012825996809124832,1
