mean_fit_time,std_fit_time,mean_score_time,std_score_time,param_clf__C,params,split0_test_score,split1_test_score,split2_test_score,mean_test_score,std_test_score,rank_test_score
0.5521905422210693,0.004585398986241836,0.032639503479003906,0.0008057604354522231,0.01,{'clf__C': 0.01},0.6762164634946881,0.6730392148476187,0.6712433054624917,0.6734996612682661,0.0020562236232172927,4
0.6469620863596598,0.09002184905215593,0.03019110361735026,0.006899065084773725,0.1,{'clf__C': 0.1},0.7282061028430054,0.7241022532701109,0.7236223056908888,0.725310220601335,0.0020570509453935047,3
0.5057269732157389,0.05763725718194662,0.0244901180267334,0.006882175699580321,1.0,{'clf__C': 1.0},0.7366435088455123,0.7332673598153274,0.734224511500602,0.7347117933871473,0.0014207224209818884,2
0.4037500222524007,0.029283126045909845,0.012221018473307291,0.002707611958013858,10.0,{'clf__C': 10.0},0.7371490126114106,0.7340561316878211,0.7351247181645768,0.7354432874879362,0.0012825996809124832,1
